{"Pixel Loss": 0.4391371449828148, "FFT Loss": 9.679261331558228, "_timestamp": 1710834243.3239968, "_runtime": 26.401492834091187, "_step": 0, "_wandb": {"runtime": 34}}